"id","code","name","account_type","reconcile","company_ids/id"
"account_arka_1102000001","1102000001","Cash on hand - IDR","asset_cash","False","base.main_company"
"account_arka_1102000002","1102000002","Cash on hand - USD","asset_cash","False","base.main_company"
"account_arka_1102000003","1102000003","Cash on hand - MYR","asset_cash","False","base.main_company"
"account_arka_1102000004","1102000004","Cash on hand - SGD","asset_cash","False","base.main_company"
"account_arka_1103019300","1103019300","BCA - IDR-268.222.9595 - Main Bank","asset_cash","True","base.main_company"
"account_arka_1103019290","1103019290","BCA - IDR-268.262.6268 - Main Bank","asset_cash","True","base.main_company"
"account_arka_1103019270","1103019270","BCA - IDR-268.695.5777 - Main Bank","asset_cash","True","base.main_company"
"account_arka_1103019280","1103019280","BCA - IDR-268.150.7878 - Main Bank","asset_cash","True","base.main_company"
"account_arka_1105010001","1105010001","Gold Bullions","asset_cash","False","base.main_company"
"account_arka_1105020001","1105020001","Time Deposit-IDR-PT Bank Central Asia Tbk","asset_cash","False","base.main_company"
"account_arka_1105020007","1105020007","Time Deposit-IDR-PT Bank Rakyat Indonesia Tbk","asset_cash","False","base.main_company"
"account_arka_1105020008","1105020008","Time Deposit-IDR-PT Bank Nasional Indonesia Tbk","asset_cash","False","base.main_company"
"account_arka_1106000001","1106000001","Trade Receivables - Third Parties","asset_receivable","True","base.main_company"
"account_arka_1106000097","1106000097","Vendor with debit balances - Trade third parties","asset_receivable","True","base.main_company"
"account_arka_1106000099","1106000099","Customer for receivables adj-Trade third parties","asset_receivable","True","base.main_company"
"account_arka_1107000001","1107000001","Trade Receivables - Related Parties","asset_receivable","True","base.main_company"
"account_arka_1107000002","1107000002","Unbilled Trade Receivables  - Related Parties","asset_receivable","True","base.main_company"
"account_arka_1107000999","1107000999","Trade Receivables - Related Parties (forex)","asset_receivable","True","base.main_company"
"account_arka_1108000001","1108000001","Allowance for impairment of trade rec-Third Party","asset_receivable","True","base.main_company"
"account_arka_1108000002","1108000002","Allowance for impairment of trade rec-Relate Party","asset_receivable","True","base.main_company"
"account_arka_1108000003","1108000003","Allowance for impairment of other rec-Third Party","asset_receivable","True","base.main_company"
"account_arka_1108000004","1108000004","Allowance for impairment of other rec-Relate Party","asset_receivable","True","base.main_company"
"account_arka_1109000001","1109000001","Employee Receivables","asset_receivable","True","base.main_company"
"account_arka_1109000002","1109000002","Non Trade Receivables - cash advance","asset_receivable","True","base.main_company"
"account_arka_1109000003","1109000003","Unbilled Non Trade Receivables  - Third Parties","asset_receivable","True","base.main_company"
"account_arka_1109000004","1109000004","Unbilled Non Trade Receivables  - Third - Claim","asset_receivable","True","base.main_company"
"account_arka_1109000006","1109000006","Non Trade Receivables - Third Parties","asset_receivable","True","base.main_company"
"account_arka_1109000008","1109000008","Interest Receivables - Third Parties","asset_receivable","True","base.main_company"
"account_arka_1109000009","1109000009","Other Non Trade Receivables - third parties","asset_receivable","True","base.main_company"
"account_arka_1109000097","1109000097","Vendor with debit balances-Non Trade-Third parties","asset_receivable","True","base.main_company"
"account_arka_1109000098","1109000098","BIC unsettled Receivable - Non Trade third parties","asset_receivable","True","base.main_company"
"account_arka_1109000099","1109000099","Customer for receivable adj-Non Trade third party","asset_receivable","True","base.main_company"
"account_arka_1109000999","1109000999","Non Trade Receivables - Third Parties (forex)","asset_receivable","True","base.main_company"
"account_arka_1110000001","1110000001","Non Trade Receivables - Related Parties","asset_receivable","True","base.main_company"
"account_arka_1110000002","1110000002","Intercompany Interest Receivables - Related Party","asset_receivable","True","base.main_company"
"account_arka_1110000003","1110000003","Unbilled Non Trade Receivables  - Related Parties","asset_receivable","True","base.main_company"
"account_arka_1110000999","1110000999","Non Trade Receivables - Related Parties (forex)","asset_receivable","True","base.main_company"
"account_arka_1111000001","1111000001","Intercompany loan Receivables","asset_receivable","True","base.main_company"
"account_arka_1112000001","1112000001","Other current financial assets","asset_current","False","base.main_company"
"account_arka_1112000002","1112000002","Convertible notes","asset_current","False","base.main_company"
"account_arka_1112000003","1112000003","Derivative Asset","asset_current","False","base.main_company"
"account_arka_1113100001","1113100001","Inventory-Device & Tablet","asset_current","False","base.main_company"
"account_arka_1113100002","1113100002","Inventory-Gadget & Accessories","asset_current","False","base.main_company"
"account_arka_1113100003","1113100003","Inventory-Computers","asset_current","False","base.main_company"
"account_arka_1113100004","1113100004","Inventory-Consumer Electronics","asset_current","False","base.main_company"
"account_arka_1113100005","1113100005","Inventory-Carrier","asset_current","False","base.main_company"
"account_arka_1113100006","1113100006","Inventory-Lifestyle","asset_current","False","base.main_company"
"account_arka_1113100007","1113100007","Inventory-Value Added Service","asset_current","False","base.main_company"
"account_arka_1113100008","1113100008","Inventory-Digital Product","asset_current","False","base.main_company"
"account_arka_1113100009","1113100009","Inventory-Component","asset_current","False","base.main_company"
"account_arka_1113100010","1113100010","Inventory-Spare part (Service)","asset_current","False","base.main_company"
"account_arka_1113100011","1113100011","Inventory-Cosmetics","asset_current","False","base.main_company"
"account_arka_1113100012","1113100012","Inventory-Medical & Health Industry","asset_current","False","base.main_company"
"account_arka_1113100013","1113100013","Inventory-Pods","asset_current","False","base.main_company"
"account_arka_1113100014","1113100014","Inventory-In Warranty","asset_current","False","base.main_company"
"account_arka_1113100015","1113100015","Inventory-Software","asset_current","False","base.main_company"
"account_arka_1113100016","1113100016","Inventories-Food & Beverage","asset_current","False","base.main_company"
"account_arka_1113100021","1113100021","Inventories-textile","asset_current","False","base.main_company"
"account_arka_1113100022","1113100022","Inventories-footwear","asset_current","False","base.main_company"
"account_arka_1113100023","1113100023","Inventories-accessories","asset_current","False","base.main_company"
"account_arka_1113100024","1113100024","Inventories-miscellaneous","asset_current","False","base.main_company"
"account_arka_1113100025","1113100025","Inventories-wholesale","asset_current","False","base.main_company"
"account_arka_1113100026","1113100026","Inventories-e-commerce / internet revenue","asset_current","False","base.main_company"
"account_arka_1113100027","1113100027","Inventories-clearance","asset_current","False","base.main_company"
"account_arka_1113100028","1113100028","Inventories-distributor revenue","asset_current","False","base.main_company"
"account_arka_1113100029","1113100029","Inventories-Hard Goods","asset_current","False","base.main_company"
"account_arka_1113100098","1113100098","Inventory-Merchandise-non commercial","asset_current","False","base.main_company"
"account_arka_1113100099","1113100099","Inventory-Others","asset_current","False","base.main_company"
"account_arka_1113200001","1113200001","Stock in transit","asset_current","False","base.main_company"
"account_arka_1113300001","1113300001","Allwnce for obslscnc n decline in val of inventory","asset_current","False","base.main_company"
"account_arka_1113900001","1113900001","Stock Revaluation","asset_current","False","base.main_company"
"account_arka_1113900009","1113900009","Stock - swap device (clearing account)","asset_current","False","base.main_company"
"account_arka_1114000001","1114000001","Inventory Non Commercial-Device & Tablet","asset_current","False","base.main_company"
"account_arka_1114000002","1114000002","Inventory Non Commercial-Gadget & Accessories","asset_current","False","base.main_company"
"account_arka_1114000003","1114000003","Inventory Non Commercial-Computers","asset_current","False","base.main_company"
"account_arka_1114000004","1114000004","Inventory Non Commercial-Consumer Electronics","asset_current","False","base.main_company"
"account_arka_1114000005","1114000005","Inventory Non Commercial-Carrier","asset_current","False","base.main_company"
"account_arka_1114000006","1114000006","Inventory Non Commercial-Lifestyle","asset_current","False","base.main_company"
"account_arka_1114000007","1114000007","Inventory Non Commercial-Value Added Service","asset_current","False","base.main_company"
"account_arka_1114000008","1114000008","Inventory Non Commercial-Digital Product","asset_current","False","base.main_company"
"account_arka_1114000009","1114000009","Inventory Non Commercial-Component","asset_current","False","base.main_company"
"account_arka_1114000010","1114000010","Inventory Non Commercial-Spare part (Service)","asset_current","False","base.main_company"
"account_arka_1114000011","1114000011","Inventory Non Commercial-Cosmetics","asset_current","False","base.main_company"
"account_arka_1114000012","1114000012","Inventory Non Commercial-Medical&Health Industry","asset_current","False","base.main_company"
"account_arka_1114000013","1114000013","Inventory Non Commercial-Pods","asset_current","False","base.main_company"
"account_arka_1114000014","1114000014","Inventory Non Commercial-In Warranty","asset_current","False","base.main_company"
"account_arka_1114000015","1114000015","Inventory Non Commercial-Software","asset_current","False","base.main_company"
"account_arka_1114000024","1114000024","Inventory Non Commercial-Hard Goods","asset_current","False","base.main_company"
"account_arka_1114000096","1114000096","Giftcard-clearing","asset_current","False","base.main_company"
"account_arka_1114000098","1114000098","Inventory Non Commercial-Other Current Assets","asset_current","False","base.main_company"
"account_arka_1114000099","1114000099","Inventory Non Commercial-Others","asset_current","False","base.main_company"
"account_arka_1115100001","1115100001","Down Payment - Trade","asset_prepayments","True","base.main_company"
"account_arka_1115200001","1115200001","Advance for payment of operational expenses","asset_prepayments","True","base.main_company"
"account_arka_1115300001","1115300001","Advance on stock subscription","asset_prepayments","False","base.main_company"
"account_arka_1115600001","1115600001","Advance from intercompanies","asset_prepayments","True","base.main_company"
"account_arka_1115600002","1115600002","Advance on stock subscription-related","asset_prepayments","False","base.main_company"
"account_arka_1116100001","1116100001","Building insurance","asset_prepayments","False","base.main_company"
"account_arka_1116100002","1116100002","Vehicles insurance","asset_prepayments","False","base.main_company"
"account_arka_1116100003","1116100003","Prepaid Inventories insurance","asset_prepayments","False","base.main_company"
"account_arka_1116100004","1116100004","Medical insurance","asset_prepayments","False","base.main_company"
"account_arka_1116100005","1116100005","Cash outlet Insurance","asset_prepayments","False","base.main_company"
"account_arka_1116100006","1116100006","Prepaid Other insurance","asset_prepayments","False","base.main_company"
"account_arka_1116100007","1116100007","Other prepaid expenses","asset_prepayments","False","base.main_company"
"account_arka_1116100008","1116100008","Prepaid Provision expenses","asset_prepayments","False","base.main_company"
"account_arka_1116100009","1116100009","Prepaid-Office supplies","asset_prepayments","True","base.main_company"
"account_arka_1116100010","1116100010","Prepaid-E Materai","asset_prepayments","False","base.main_company"
"account_arka_1116200001","1116200001","Prepaid rent - current portion","asset_prepayments","False","base.main_company"
"account_arka_1117100001","1117100001","Prepaid Income tax art. 22","asset_current","False","base.main_company"
"account_arka_1117100002","1117100002","Prepaid Income tax art. 23","asset_current","False","base.main_company"
"account_arka_1117100003","1117100003","Prepaid Income tax art. 24","asset_current","False","base.main_company"
"account_arka_1117100004","1117100004","Prepaid Income tax art. 25","asset_current","False","base.main_company"
"account_arka_1117200001","1117200001","VAT In","asset_current","False","base.main_company"
"account_arka_1117200002","1117200002","VAT In - not yet invoiced","asset_current","False","base.main_company"
"account_arka_1117300001","1117300001","GST-IN","asset_current","False","base.main_company"
"account_arka_1117400001","1117400001","Tax Deposit","asset_current","False","base.main_company"
"account_arka_1118000001","1118000001","Estimated claim for tax refund - current","asset_current","False","base.main_company"
"account_arka_1201000001","1201000001","Deferred tax assets-Inventories","asset_non_current","False","base.main_company"
"account_arka_1201000002","1201000002","Deferred tax assets-Account receivables","asset_non_current","False","base.main_company"
"account_arka_1201000003","1201000003","Deferred tax assets-Liability for employee benefit","asset_non_current","False","base.main_company"
"account_arka_1201000004","1201000004","Deferred tax assets-Fixed assets","asset_non_current","False","base.main_company"
"account_arka_1201000005","1201000005","Deferred tax assets-Foreign curr translation of FS","asset_non_current","False","base.main_company"
"account_arka_1201000006","1201000006","Deferred tax assets-Dividend","asset_non_current","False","base.main_company"
"account_arka_1201000007","1201000007","Deferred tax assets-Customer Loyalty Programmes","asset_non_current","False","base.main_company"
"account_arka_1201000008","1201000008","Deferred tax assets-Right of Use Assets","asset_non_current","False","base.main_company"
"account_arka_1201000009","1201000009","Deferred tax assets-PKWT","asset_non_current","False","base.main_company"
"account_arka_1201000010","1201000010","Deferred tax assets-Tax Loss Carry Forward","asset_non_current","False","base.main_company"
"account_arka_1202000000","1202000000","Loan to employees","asset_non_current","False","base.main_company"
"account_arka_1203001000","1203001000","INVESTMENT>=20&<50%","asset_non_current","False","base.main_company"
"account_arka_1203002000","1203002000","INVESTMENT >=50%","asset_non_current","False","base.main_company"
"account_arka_1203009000","1203009000","INVESTMENT-OTHER","asset_non_current","False","base.main_company"
"account_arka_1205101000","1205101000","Fixed Assets - Cost - Land","asset_fixed","True","base.main_company"
"account_arka_1205102000","1205102000","Fixed Assets - Cost - Building and improvements","asset_fixed","True","base.main_company"
"account_arka_1205103000","1205103000","Fixed Assets - Cost - Vehicles","asset_fixed","True","base.main_company"
"account_arka_1205104000","1205104000","Fixed Assets - Cost - Office and outlet equipment","asset_fixed","True","base.main_company"
"account_arka_1205105000","1205105000","Fixed Assets - Cost - Machinery","asset_fixed","True","base.main_company"
"account_arka_1205106000","1205106000","Fixed Assets - Cost - Furniture and fixtures","asset_fixed","True","base.main_company"
"account_arka_1205201000","1205201000","Fixed asset-Accum depre-Building and improvements","asset_fixed","True","base.main_company"
"account_arka_1205202000","1205202000","Fixed assets - Accumulated depreciation - Vehicles","asset_fixed","True","base.main_company"
"account_arka_1205203000","1205203000","Fixed asset-Accum depre-Office and outlet equipmnt","asset_fixed","True","base.main_company"
"account_arka_1205204000","1205204000","Fixed asset-Accum depre-Machinery","asset_fixed","True","base.main_company"
"account_arka_1205205000","1205205000","Fixed asset-Accum depre-Furniture and fixtures","asset_fixed","True","base.main_company"
"account_arka_1205601000","1205601000","Accumulated Loss on Impair-Land","asset_fixed","True","base.main_company"
"account_arka_1205602000","1205602000","Accumulated Loss on Impair-Building & improvements","asset_fixed","True","base.main_company"
"account_arka_1205800001","1205800001","Asset under construction - Land","asset_fixed","True","base.main_company"
"account_arka_1205800002","1205800002","Asset under construction-Building and improvements","asset_fixed","True","base.main_company"
"account_arka_1205800003","1205800003","Asset under construction - Vehicles","asset_fixed","True","base.main_company"
"account_arka_1205800004","1205800004","Asset under construction-Office n outlet equipment","asset_fixed","True","base.main_company"
"account_arka_1205800005","1205800005","Asset under construction - Machinery","asset_fixed","True","base.main_company"
"account_arka_1205800006","1205800006","Asset under construction - Furniture and fixtures","asset_fixed","True","base.main_company"
"account_arka_1205800009","1205800009","Asset under construction - Intangible Assets","asset_fixed","True","base.main_company"
"account_arka_1205800010","1205800010","Asset under construction - Software","asset_fixed","True","base.main_company"
"account_arka_1205900000","1205900000","Technical clearing account for Asset","asset_fixed","True","base.main_company"
"account_arka_1206102000","1206102000","Right of Use Asset-Cost-Building and improvements","asset_fixed","True","base.main_company"
"account_arka_1206201000","1206201000","Right of Use Asset-Accum depre-Building n improve","asset_fixed","True","base.main_company"
"account_arka_1207200000","1207200000","Software","asset_fixed","True","base.main_company"
"account_arka_1207300000","1207300000","Accum. Amortization Software","asset_fixed","True","base.main_company"
"account_arka_1207900000","1207900000","Goodwill - net","asset_fixed","True","base.main_company"
"account_arka_1207900009","1207900009","Accumulated Loss on Impair-Goodwill","asset_fixed","True","base.main_company"
"account_arka_1208100000","1208100000","Advances for purchase of fixed assets","asset_fixed","True","base.main_company"
"account_arka_1208600000","1208600000","Advances for purchase of intangible assets","asset_fixed","True","base.main_company"
"account_arka_1208900000","1208900000","Asset down payment acquisition","asset_fixed","True","base.main_company"
"account_arka_1208900099","1208900099","Asset down payment Clearing","asset_fixed","True","base.main_company"
"account_arka_1210000001","1210000001","Estimated claim for tax refund - non current","asset_non_current","False","base.main_company"
"account_arka_1211100001","1211100001","Deposit - Rental","asset_non_current","True","base.main_company"
"account_arka_1211100002","1211100002","Deposit - Line Telephone","asset_non_current","True","base.main_company"
"account_arka_1211100003","1211100003","Deposit Internet","asset_non_current","True","base.main_company"
"account_arka_1211100004","1211100004","Security Deposit","asset_non_current","True","base.main_company"
"account_arka_1211100005","1211100005","Deposit - Service Charge","asset_non_current","True","base.main_company"
"account_arka_1211100006","1211100006","Deposit - Utilities","asset_non_current","True","base.main_company"
"account_arka_1211100007","1211100007","Deposit - Rental Space for Event","asset_non_current","True","base.main_company"
"account_arka_1211100008","1211100008","Deposit - Cloud System","asset_non_current","True","base.main_company"
"account_arka_1211100009","1211100009","Other Deposit","asset_non_current","True","base.main_company"
"account_arka_1211100071","1211100071","Deposit - Rental - Fair Value Adjustment","asset_non_current","False","base.main_company"
"account_arka_1211100072","1211100072","Deposit - Line Telephone - Fair Value Adjustment","asset_non_current","False","base.main_company"
"account_arka_1211100073","1211100073","Deposit Internet - Fair Value Adjustment","asset_non_current","False","base.main_company"
"account_arka_1211100074","1211100074","Security Deposit - Fair Value Adjustment","asset_non_current","False","base.main_company"
"account_arka_1211100075","1211100075","Deposit - Service Charge - Fair Value Adjustment","asset_non_current","False","base.main_company"
"account_arka_1211100076","1211100076","Deposit - Utilities - Fair Value Adjustment","asset_non_current","False","base.main_company"
"account_arka_1211100077","1211100077","Deposit - Rental Space for Event - Fair Value Adju","asset_non_current","False","base.main_company"
"account_arka_1211100078","1211100078","Deposit - Cloud System - Fair Value Adjustment","asset_non_current","False","base.main_company"
"account_arka_1211100099","1211100099","Deposit Other - Fair Value Adjustment","asset_non_current","False","base.main_company"
"account_arka_1212200003","1212200003","Deferred Cost","asset_non_current","False","base.main_company"
"account_arka_1212200004","1212200004","Amortization of Deferred Cost","asset_non_current","False","base.main_company"
"account_arka_1212200009","1212200009","Other non-current assets","asset_non_current","False","base.main_company"
"account_arka_2101101000","2101101000","Time Loan - PT Bank Central Asia Tbk","liability_current","False","base.main_company"
"account_arka_2101201000","2101201000","Bank Overdraft - PT Bank Central Asia Tbk","liability_current","False","base.main_company"
"account_arka_2102100000","2102100000","Long-term bank loans-current maturities","liability_current","False","base.main_company"
"account_arka_2102200000","2102200000","Consumer financing payable - Short Term","liability_current","False","base.main_company"
"account_arka_2102300000","2102300000","Finance lease payable-current maturities","liability_current","False","base.main_company"
"account_arka_2102400000","2102400000","Lease payable (Right-of-Use Assets)","liability_current","False","base.main_company"
"account_arka_2103100001","2103100001","Trade Payables - Third parties","liability_payable","True","base.main_company"
"account_arka_2103100002","2103100002","Unbilled Payable - trade third parties","liability_current","True","base.main_company"
"account_arka_2103100003","2103100003","Deposit from customer trade","liability_current","True","base.main_company"
"account_arka_2103100097","2103100097","Customer with credit balance-Trade third parties","liability_current","False","base.main_company"
"account_arka_2103100099","2103100099","Vendor for payables adj-Trade third parties","liability_current","False","base.main_company"
"account_arka_2103100999","2103100999","Trade Payables - Third parties (forex)","liability_current","False","base.main_company"
"account_arka_2103109198","2103109198","GR/IR clearing-Tr Pay-Third P-Merc-non comm","liability_current","True","base.main_company"
"account_arka_2103109199","2103109199","GR/IR clearing-Tr Pay-Third P-Others","liability_current","True","base.main_company"
"account_arka_2103109201","2103109201","GR/IR clearing-Trade-Third Party-Freight Overseas","liability_current","True","base.main_company"
"account_arka_2103109202","2103109202","GR/IR clearing-Trade-Third Party-Freight Local","liability_current","True","base.main_company"
"account_arka_2103109301","2103109301","GR/IR clearing-Trade-Third Party-Insurance Oversea","liability_current","True","base.main_company"
"account_arka_2103109302","2103109302","GR/IR clearing-Trade-Third Party-Insurance Local","liability_current","True","base.main_company"
"account_arka_2103109401","2103109401","GR/IR clearing-Trade-Third Party-Import Duty","liability_current","True","base.main_company"
"account_arka_2103109402","2103109402","GR/IR clearing-Trade-Third Party-Custom Stamp Duty","liability_current","True","base.main_company"
"account_arka_2103109901","2103109901","GR/IR clearing-Trade-Third Party-Beginning Balance","liability_current","True","base.main_company"
"account_arka_2103200001","2103200001","Trade Payables - Related parties","liability_current","True","base.main_company"
"account_arka_2103200002","2103200002","Unbilled Payable - trade related parties","liability_current","True","base.main_company"
"account_arka_2103200003","2103200003","Trade Payable - Site","liability_current","True","base.main_company"
"account_arka_2103200999","2103200999","Trade Payables - Related parties (forex)","liability_current","False","base.main_company"
"account_arka_2103209000","2103209000","GR/IR clearing - Trade Payables - Related Parties","liability_current","True","base.main_company"
"account_arka_2103300001","2103300001","Non trade payable - Third parties","liability_current","True","base.main_company"
"account_arka_2103300002","2103300002","Deposit from customer non trade","liability_current","True","base.main_company"
"account_arka_2103300004","2103300004","Guarantee Deposit-Non Trade Payables-Third parties","liability_current","True","base.main_company"
"account_arka_2103300005","2103300005","Deposit from principle support program","liability_current","True","base.main_company"
"account_arka_2103300008","2103300008","GR/IR clearing-Non Trade Payables-Third Parties","liability_current","True","base.main_company"
"account_arka_2103300009","2103300009","Deferred Income - Current","liability_current","False","base.main_company"
"account_arka_2103300089","2103300089","GR/IR clearing-Non Trad Pybls-3P-Beginning Balance","liability_current","True","base.main_company"
"account_arka_2103300090","2103300090","Non Trade - third parties - Others","liability_current","True","base.main_company"
"account_arka_2103300097","2103300097","Customer with credit bal.-Non Trade third party","liability_current","False","base.main_company"
"account_arka_2103300098","2103300098","BOC unsettled Payable - Non Trade third parties","liability_current","False","base.main_company"
"account_arka_2103300099","2103300099","Vendor for payables adj-Non Trade-Third parties","liability_current","False","base.main_company"
"account_arka_2103300999","2103300999","Non trade payable - Third parties (forex)","liability_current","False","base.main_company"
"account_arka_2103400001","2103400001","Non trade payable - Related parties","liability_current","True","base.main_company"
"account_arka_2103400002","2103400002","Intercompany Interest Payable - Related Parties","liability_current","True","base.main_company"
"account_arka_2103400008","2103400008","GR/IR clearing-Non Trade Payables-Related Parties","liability_current","True","base.main_company"
"account_arka_2103400089","2103400089","GR/IR clearing-Non Trad Pybls-RP-Beginning Balance","liability_current","True","base.main_company"
"account_arka_2103400999","2103400999","Non trade payable - Related parties (forex)","liability_current","False","base.main_company"
"account_arka_2103500001","2103500001","Intercompany Loan Payables","liability_current","True","base.main_company"
"account_arka_2104100001","2104100001","Income tax payable art. 4 (2)","liability_current","False","base.main_company"
"account_arka_2104100003","2104100003","Income tax payable art. 21","liability_current","False","base.main_company"
"account_arka_2104100004","2104100004","Income tax payable art. 22","liability_current","False","base.main_company"
"account_arka_2104100005","2104100005","Income tax payable art. 23","liability_current","False","base.main_company"
"account_arka_2104100007","2104100007","Income tax payable art. 25","liability_current","False","base.main_company"
"account_arka_2104100008","2104100008","Income tax payable art. 26","liability_current","False","base.main_company"
"account_arka_2104200001","2104200001","Income tax payable art. 29","liability_current","False","base.main_company"
"account_arka_2104300001","2104300001","VAT Out","liability_current","False","base.main_company"
"account_arka_2104300002","2104300002","GST-OUT","liability_current","False","base.main_company"
"account_arka_2104300009","2104300009","VAT Payable","liability_current","True","base.main_company"
"account_arka_2104900001","2104900001","Other Taxes Payable","liability_current","True","base.main_company"
"account_arka_2105100001","2105100001","Accrued Expenses 3P-Interest","liability_current","True","base.main_company"
"account_arka_2105100002","2105100002","Accrued Expenses 3P-Salaries","liability_current","True","base.main_company"
"account_arka_2105100003","2105100003","Accrued Expenses 3P-Rental","liability_current","True","base.main_company"
"account_arka_2105100004","2105100004","Accrued Expenses 3P-Insurance","liability_current","True","base.main_company"
"account_arka_2105100005","2105100005","Accrued Expenses 3P-Audit fee","liability_current","True","base.main_company"
"account_arka_2105100006","2105100006","Accrued Expenses 3P-Prof. fee","liability_current","True","base.main_company"
"account_arka_2105100007","2105100007","Accrued Expenses 3P-Utilities","liability_current","True","base.main_company"
"account_arka_2105100008","2105100008","Accrued Expenses 3P-Ad n prmo","liability_current","True","base.main_company"
"account_arka_2105100009","2105100009","Accrued Expenses 3P-Comm.","liability_current","True","base.main_company"
"account_arka_2105100010","2105100010","Accrued Expenses 3P-Freight","liability_current","True","base.main_company"
"account_arka_2105100011","2105100011","Accrued Expenses 3P-Jamsostek","liability_current","True","base.main_company"
"account_arka_2105100099","2105100099","Acc Oth-Third party","liability_current","True","base.main_company"
"account_arka_2105200001","2105200001","Accrued Expenses RP-Interest","liability_current","True","base.main_company"
"account_arka_2105200002","2105200002","Accrued Expenses RP-Salaries","liability_current","True","base.main_company"
"account_arka_2105200003","2105200003","Accrued Expenses RP-Rental","liability_current","True","base.main_company"
"account_arka_2105200006","2105200006","Accrued Expenses RP-Prof. fee","liability_current","True","base.main_company"
"account_arka_2106000001","2106000001","Short-term employee benefits liabilities","liability_current","False","base.main_company"
"account_arka_2108100001","2108100001","Advances from customers - Third parties","liability_current","True","base.main_company"
"account_arka_2108200001","2108200001","Advances from customers - Related parties","liability_current","True","base.main_company"
"account_arka_2109000001","2109000001","Derivative Liabilities","liability_current","False","base.main_company"
"account_arka_2201000001","2201000001","Long-term bank loan","liability_non_current","False","base.main_company"
"account_arka_2201000009","2201000009","Long-term bank loan - Adjustment (Forex)","liability_non_current","False","base.main_company"
"account_arka_2202200002","2202200002","Consumer financing payable - Long Term","liability_non_current","False","base.main_company"
"account_arka_2202300003","2202300003","Finance lease payable","liability_non_current","True","base.main_company"
"account_arka_2203000001","2203000001","Long-term loan (non financial institution)","liability_non_current","True","base.main_company"
"account_arka_2203000002","2203000002","Notes Payable - non current","liability_non_current","True","base.main_company"
"account_arka_2204000000","2204000000","Leased Liability","liability_non_current","False","base.main_company"
"account_arka_2204000001","2204000001","Leased Liability - Building and Improvements","liability_non_current","True","base.main_company"
"account_arka_2204000002","2204000002","Leased Liability - Vehicle","liability_non_current","True","base.main_company"
"account_arka_2205000001","2205000001","Def tax liabilities-Inventories","liability_non_current","False","base.main_company"
"account_arka_2205000002","2205000002","Def tax liabilities-Account receivables","liability_non_current","False","base.main_company"
"account_arka_2205000003","2205000003","Def tax liabilities-Liab. for employee benefit","liability_non_current","False","base.main_company"
"account_arka_2205000004","2205000004","Def tax liabilities-Fixed assets","liability_non_current","False","base.main_company"
"account_arka_2205000005","2205000005","Def tax liabilities-Foreign curr translation of FS","liability_non_current","False","base.main_company"
"account_arka_2205000006","2205000006","Def tax liabilities-Dividend","liability_non_current","False","base.main_company"
"account_arka_2205000007","2205000007","Def tax liabilities-Customer Loyalty Programmes","liability_non_current","False","base.main_company"
"account_arka_2205000008","2205000008","Def tax liabilities-Right of Use Assets","liability_non_current","False","base.main_company"
"account_arka_2206000001","2206000001","Liabilities for employee benefits","liability_non_current","False","base.main_company"
"account_arka_3001100001","3001100001","Share capital","equity","False","base.main_company"
"account_arka_3001200001","3001200001","Additional paid-in-capital","equity","False","base.main_company"
"account_arka_3001300001","3001300001","Treasury Shares","equity","False","base.main_company"
"account_arka_3002000001","3002000001","Deposits for future stock subscription","equity","False","base.main_company"
"account_arka_3003000001","3003000001","Dividend","equity","False","base.main_company"
"account_arka_3004100001","3004100001","transaction of entities under common control","equity","False","base.main_company"
"account_arka_3004200001","3004200001","changes in non-controlling interest","equity","False","base.main_company"
"account_arka_3005100001","3005100001","OCI Beginning - Inventories","equity","False","base.main_company"
"account_arka_3005100002","3005100002","OCI Beginning - Accounts Receivables","equity","False","base.main_company"
"account_arka_3005100003","3005100003","OCI Beginning - Liabilities for Employee Benefits","equity","False","base.main_company"
"account_arka_3005100004","3005100004","OCI Beginning - Fixed Assets","equity","False","base.main_company"
"account_arka_3005100005","3005100005","OCI Beginning - FX Curr Trans FS","equity","False","base.main_company"
"account_arka_3005100006","3005100006","OCI Beginning - Dividend","equity","False","base.main_company"
"account_arka_3005200001","3005200001","OCI Current - Inventories","equity","False","base.main_company"
"account_arka_3005200002","3005200002","OCI Current - Accounts Receivables","equity","False","base.main_company"
"account_arka_3005200003","3005200003","OCI Current - Liabilities for Employee Benefits","equity","False","base.main_company"
"account_arka_3005200004","3005200004","OCI Current - Fixed Assets","equity","False","base.main_company"
"account_arka_3005200005","3005200005","OCI Current - FX Curr Trans FS","equity","False","base.main_company"
"account_arka_3005200006","3005200006","OCI Current - Dividend","equity","False","base.main_company"
"account_arka_3006100001","3006100001","Retained earnings - beginning","equity","False","base.main_company"
"account_arka_3006200001","3006200001","Implementation of New Standard","equity","False","base.main_company"
"account_arka_3007000001","3007000001","Current year net income","equity_unaffected","False","base.main_company"
"account_arka_3008000001","3008000001","Non Controlling Interest","equity","False","base.main_company"
"account_arka_5122000000","5122000000","Gross Sales-Rental Asset","income","False","base.main_company"
"account_arka_5199000000","5199000000","Gross Sales-Others","income","False","base.main_company"
"account_arka_5299000000","5299000000","Sales discount-Others","income","False","base.main_company"
"account_arka_5399000000","5399000000","Sales return-Others","income","False","base.main_company"
"account_arka_5501000000","5501000000","Sales Adjustment-manual posting","income","False","base.main_company"
"account_arka_5502000000","5502000000","Sales Adjustment-automatic posting","income","False","base.main_company"
"account_arka_6122000000","6122000000","COGS-Rental Asset","income","False","base.main_company"
"account_arka_6199000000","6199000000","COGS-Others","income","False","base.main_company"
"account_arka_6200000001","6200000001","Rebate","expense_direct_cost","False","base.main_company"
"account_arka_6200000002","6200000002","Support Management","expense_direct_cost","False","base.main_company"
"account_arka_6300000001","6300000001","Cash discount","expense_direct_cost","False","base.main_company"
"account_arka_6400000001","6400000001","Trade price protection","expense_direct_cost","False","base.main_company"
"account_arka_6501000001","6501000001","Inklaring - Import","expense_direct_cost","False","base.main_company"
"account_arka_6501000002","6501000002","Inspection - Import","expense_direct_cost","False","base.main_company"
"account_arka_6501000003","6501000003","Handling Fee - Import","expense_direct_cost","False","base.main_company"
"account_arka_6502000001","6502000001","Inklaring - Export","expense_direct_cost","False","base.main_company"
"account_arka_6502000002","6502000002","Inspection - Export","expense_direct_cost","False","base.main_company"
"account_arka_6502000003","6502000003","Handling Fee - Export","expense_direct_cost","False","base.main_company"
"account_arka_6600000001","6600000001","Insurance - Local","expense_direct_cost","False","base.main_company"
"account_arka_6600000002","6600000002","Insurance - Overseas","expense_direct_cost","False","base.main_company"
"account_arka_6600000003","6600000003","Insurance - Export","expense_direct_cost","False","base.main_company"
"account_arka_6600000004","6600000004","Insurance - Import","expense_direct_cost","False","base.main_company"
"account_arka_6700000001","6700000001","Rebate KPI & Incentive","expense_direct_cost","False","base.main_company"
"account_arka_6799000000","6799000000","Rebate Incentive-Others","expense_direct_cost","False","base.main_company"
"account_arka_6800000001","6800000001","Assembly - Component","expense_direct_cost","False","base.main_company"
"account_arka_6800000002","6800000002","Assembly - Preloaded","expense_direct_cost","False","base.main_company"
"account_arka_6900000001","6900000001","COGS Adjustment-manual posting","expense_direct_cost","False","base.main_company"
"account_arka_6999000000","6999000000","COGS Var-Others","expense_direct_cost","False","base.main_company"
"account_arka_7101001000","7101001000","Advertising & Publication","expense","False","base.main_company"
"account_arka_7101002000","7101002000","Promotion","expense","False","base.main_company"
"account_arka_7101003000","7101003000","Tactical Promotion","expense","False","base.main_company"
"account_arka_7101004000","7101004000","Merchandise","expense","False","base.main_company"
"account_arka_7101005000","7101005000","Marketing","expense","False","base.main_company"
"account_arka_7101006000","7101006000","Brosur leaflet sign","expense","False","base.main_company"
"account_arka_7101007000","7101007000","Exhibition","expense","False","base.main_company"
"account_arka_7101008000","7101008000","Sponsorship","expense","False","base.main_company"
"account_arka_7101009000","7101009000","Printed goods","expense","False","base.main_company"
"account_arka_7101010000","7101010000","Sample products","expense","False","base.main_company"
"account_arka_7101011000","7101011000","Data Analytical Cost","expense","False","base.main_company"
"account_arka_7101012000","7101012000","Market Place Cost","expense","False","base.main_company"
"account_arka_7101013000","7101013000","Prize load","expense","False","base.main_company"
"account_arka_7102001000","7102001000","Labor - Selling","expense","False","base.main_company"
"account_arka_7102002000","7102002000","Bonus & THR allowances - Selling","expense","False","base.main_company"
"account_arka_7102003000","7102003000","Overtime/ Insentive/ Lumpsum - Selling","expense","False","base.main_company"
"account_arka_7102004000","7102004000","HR Enhancement - Selling","expense","False","base.main_company"
"account_arka_7102005000","7102005000","Other Salaries - Selling","expense","False","base.main_company"
"account_arka_7102006000","7102006000","Pension PKWT - Selling","expense","False","base.main_company"
"account_arka_7102007000","7102007000","Salaries-Selling","expense","False","base.main_company"
"account_arka_7102008000","7102008000","Overtime/ Insentive & Lumpsum - Permanent employee","expense","False","base.main_company"
"account_arka_7102009000","7102009000","Allowance THR/bonus/cuti - Permanent employee","expense","False","base.main_company"
"account_arka_7102010000","7102010000","Working Accident Protection - Selling","expense","False","base.main_company"
"account_arka_7102011000","7102011000","Death Protection - Selling","expense","False","base.main_company"
"account_arka_7102012000","7102012000","Old Age Protection - Selling","expense","False","base.main_company"
"account_arka_7102013000","7102013000","Pension - Selling","expense","False","base.main_company"
"account_arka_7102014000","7102014000","Medical Allowance - BPJS - Selling","expense","False","base.main_company"
"account_arka_7103001000","7103001000","Sales Outlet Rent-SE","expense","False","base.main_company"
"account_arka_7103002000","7103002000","Service Charge - Selling","expense","False","base.main_company"
"account_arka_7103003000","7103003000","Vehicle Rental - Selling","expense","False","base.main_company"
"account_arka_7103004000","7103004000","EDC machine Rent-SE","expense","False","base.main_company"
"account_arka_7103005000","7103005000","Other Rental - Selling","expense","False","base.main_company"
"account_arka_7104000001","7104000001","MDR Bank","expense","False","base.main_company"
"account_arka_7104000002","7104000002","MDR E-Wallet","expense","False","base.main_company"
"account_arka_7104000003","7104000003","MDR Bank û Dealer","expense","False","base.main_company"
"account_arka_7105000001","7105000001","Sales commission","expense","False","base.main_company"
"account_arka_7106001000","7106001000","Domestic Distribution","expense","False","base.main_company"
"account_arka_7106002000","7106002000","Freight inklaring cost","expense","False","base.main_company"
"account_arka_7106003000","7106003000","Export Distribution","expense","False","base.main_company"
"account_arka_7106004000","7106004000","Operational Export","expense","False","base.main_company"
"account_arka_7107000001","7107000001","Packaging","expense","False","base.main_company"
"account_arka_7108001000","7108001000","SMS Cost OTP","expense","False","base.main_company"
"account_arka_7108002000","7108002000","Email Cost","expense","False","base.main_company"
"account_arka_7108003000","7108003000","Telco Cost Contact Center","expense","False","base.main_company"
"account_arka_7109001000","7109001000","Storage - Cloud cost","expense","False","base.main_company"
"account_arka_7110001000","7110001000","Depre Exp-Selling-Right of Use Asset-Building","expense_depreciation","False","base.main_company"
"account_arka_7110002000","7110002000","Depre Exp-Selling-Right of Use Asset - Vehicle","expense_depreciation","False","base.main_company"
"account_arka_7110099000","7110099000","Depre Exp-Selling-Right of Use Asset-Others","expense_depreciation","False","base.main_company"
"account_arka_7111000001","7111000001","Royalty","expense","False","base.main_company"
"account_arka_7199001000","7199001000","Maintenance fee","expense","False","base.main_company"
"account_arka_7199002000","7199002000","Pajak reklame dan jaminan bongkar","expense","False","base.main_company"
"account_arka_7199003000","7199003000","Pakaian seragam service","expense","False","base.main_company"
"account_arka_7199004000","7199004000","Pendidikan dan latihan","expense","False","base.main_company"
"account_arka_7199005000","7199005000","Asuransi pengiriman ekspor-LN","expense","False","base.main_company"
"account_arka_7199006000","7199006000","Others Selling Exp","expense","False","base.main_company"
"account_arka_7199007000","7199007000","Store Supplies & Consumables","expense","False","base.main_company"
"account_arka_7199008000","7199008000","Installation-Selling","expense","False","base.main_company"
"account_arka_7201001000","7201001000","Salaries - GA","expense","False","base.main_company"
"account_arka_7201002000","7201002000","Lembur/insentif & lumpsum GA","expense","False","base.main_company"
"account_arka_7201003000","7201003000","Allowance THR/bonus/cuti - GA","expense","False","base.main_company"
"account_arka_7201004000","7201004000","Meals-GA","expense","False","base.main_company"
"account_arka_7201005000","7201005000","Astek-GA","expense","False","base.main_company"
"account_arka_7201006000","7201006000","Healthcare Insurance","expense","False","base.main_company"
"account_arka_7201007000","7201007000","HR training-GA","expense","False","base.main_company"
"account_arka_7201008000","7201008000","Working Accident Protection - GA","expense","False","base.main_company"
"account_arka_7201009000","7201009000","Death Protection - GA","expense","False","base.main_company"
"account_arka_7201010000","7201010000","Old Age Protection - GA","expense","False","base.main_company"
"account_arka_7201011000","7201011000","Accrued Pension Fund - GA","expense","False","base.main_company"
"account_arka_7201012000","7201012000","Healthcare cost","expense","False","base.main_company"
"account_arka_7201013000","7201013000","Medical Allowance - BPJS - GA","expense","False","base.main_company"
"account_arka_7201014000","7201014000","Transport Allowance-in town","expense","False","base.main_company"
"account_arka_7201015000","7201015000","Labor Cost - GA","expense","False","base.main_company"
"account_arka_7201016000","7201016000","Bonus & THR allowances - GA","expense","False","base.main_company"
"account_arka_7201017000","7201017000","Overtime/ Insentive/ Lumpsum - GA","expense","False","base.main_company"
"account_arka_7201018000","7201018000","Pension - GA","expense","False","base.main_company"
"account_arka_7201019000","7201019000","Severance pay - GA","expense","False","base.main_company"
"account_arka_7202001000","7202001000","Consultant Fee","expense","False","base.main_company"
"account_arka_7202002000","7202002000","Audit Fee","expense","False","base.main_company"
"account_arka_7202003000","7202003000","Notary & lawyer Fee","expense","False","base.main_company"
"account_arka_7202004000","7202004000","Training Cost","expense","False","base.main_company"
"account_arka_7203001000","7203001000","Income tax art. 4(2)","expense","False","base.main_company"
"account_arka_7203002000","7203002000","Income tax art. 21","expense","False","base.main_company"
"account_arka_7203003000","7203003000","Income tax art. 23","expense","False","base.main_company"
"account_arka_7203004000","7203004000","Income tax art. 25","expense","False","base.main_company"
"account_arka_7203005000","7203005000","Income tax art. 29","expense","False","base.main_company"
"account_arka_7203006000","7203006000","VAT","expense","False","base.main_company"
"account_arka_7203007000","7203007000","Income tax art. 26","expense","False","base.main_company"
"account_arka_7203008000","7203008000","Income tax for sale of land and building right","expense","False","base.main_company"
"account_arka_7203099000","7203099000","Others","expense","False","base.main_company"
"account_arka_7204101000","7204101000","Depreciation - Fixed Asset - Building","expense_depreciation","False","base.main_company"
"account_arka_7204102000","7204102000","Depreciation - Fixed Asset - Vehicle","expense_depreciation","False","base.main_company"
"account_arka_7204103000","7204103000","Depre Exp-Fixed Asset-Office and outlet equipment","expense_depreciation","False","base.main_company"
"account_arka_7204104000","7204104000","Depreciation - Fixed Asset - Furniture & Fixtures","expense_depreciation","False","base.main_company"
"account_arka_7204105000","7204105000","Depreciation - Fixed Asset - Machine","expense_depreciation","False","base.main_company"
"account_arka_7204199000","7204199000","Depreciation - Fixed Asset - Fixed Asset - others","expense_depreciation","False","base.main_company"
"account_arka_7204201000","7204201000","Depreciation - Asset for Lease - Building","expense_depreciation","False","base.main_company"
"account_arka_7204202000","7204202000","Depreciation - Asset for Lease - Vehicle","expense_depreciation","False","base.main_company"
"account_arka_7204203000","7204203000","Depre Exp-Asset for Lease-Office and outlet equip","expense_depreciation","False","base.main_company"
"account_arka_7204204000","7204204000","Depre Exp-Asset for Lease-Furniture & Fixture","expense_depreciation","False","base.main_company"
"account_arka_7204205000","7204205000","Depreciation - Asset for Lease - Machine","expense_depreciation","False","base.main_company"
"account_arka_7204299000","7204299000","Depre Exp-Asset for Lease-Others","expense_depreciation","False","base.main_company"
"account_arka_7205001000","7205001000","Depreciation - Right of Use Asset - Building","expense_depreciation","False","base.main_company"
"account_arka_7205002000","7205002000","Depreciation - Right of Use Asset - Vehicle","expense_depreciation","False","base.main_company"
"account_arka_7205003000","7205003000","Depre Exp-Right of Use Asset-Office n outlet equip","expense_depreciation","False","base.main_company"
"account_arka_7205004000","7205004000","Depre Exp-Right of Use Asset-Furniture & Fixture","expense_depreciation","False","base.main_company"
"account_arka_7205005000","7205005000","Depreciation - Right of Use Asset - Machine","expense_depreciation","False","base.main_company"
"account_arka_7205099000","7205099000","Depre Exp-Right of Use Asset-Others","expense_depreciation","False","base.main_company"
"account_arka_7206001000","7206001000","Amort. Exp-Software","expense_depreciation","False","base.main_company"
"account_arka_7206002000","7206002000","Non-competing agreement","expense_depreciation","False","base.main_company"
"account_arka_7206003000","7206003000","Amortisasi-other","expense_depreciation","False","base.main_company"
"account_arka_7206004000","7206004000","Amortization Expense-Trademark","expense_depreciation","False","base.main_company"
"account_arka_7207001000","7207001000","Donation and Social","expense","False","base.main_company"
"account_arka_7207002000","7207002000","Entertainment","expense","False","base.main_company"
"account_arka_7208000001","7208000001","Prov for obslscnc n decline in value of inventory","expense","False","base.main_company"
"account_arka_7209001000","7209001000","Telephone, Fax & Internet","expense","False","base.main_company"
"account_arka_7209002000","7209002000","Electricity","expense","False","base.main_company"
"account_arka_7209003000","7209003000","Water","expense","False","base.main_company"
"account_arka_7210001000","7210001000","Transportation Cost","expense","False","base.main_company"
"account_arka_7210002000","7210002000","Business Trip - Domestic","expense","False","base.main_company"
"account_arka_7210003000","7210003000","Business Trip - Overseas","expense","False","base.main_company"
"account_arka_7210004000","7210004000","Fuel, Tol & Parking","expense","False","base.main_company"
"account_arka_7210005000","7210005000","Document delivery","expense","False","base.main_company"
"account_arka_7211001000","7211001000","Office Stationary","expense","False","base.main_company"
"account_arka_7211002000","7211002000","Computer supplier","expense","False","base.main_company"
"account_arka_7211003000","7211003000","Office supplies","expense","False","base.main_company"
"account_arka_7211003001","7211003001","Warehouse Supplies","expense","False","base.main_company"
"account_arka_7211004000","7211004000","Post and Stamp Duty","expense","False","base.main_company"
"account_arka_7211005000","7211005000","Printing","expense","False","base.main_company"
"account_arka_7211006000","7211006000","Photocopy","expense","False","base.main_company"
"account_arka_7211007000","7211007000","Archieve Cost","expense","False","base.main_company"
"account_arka_7211008000","7211008000","Other office supplies","expense","False","base.main_company"
"account_arka_7212001000","7212001000","Building Maintenance","expense","False","base.main_company"
"account_arka_7212002000","7212002000","Vechicle Maintenance","expense","False","base.main_company"
"account_arka_7212003000","7212003000","Office and Outlet Equipment Maintenance","expense","False","base.main_company"
"account_arka_7212004000","7212004000","Furniture Maintenance","expense","False","base.main_company"
"account_arka_7212005000","7212005000","Inventories Repair & Service","expense","False","base.main_company"
"account_arka_7213001000","7213001000","Licensing/ Sertification","expense","False","base.main_company"
"account_arka_7213002000","7213002000","Vehicle Taxation","expense","False","base.main_company"
"account_arka_7213003000","7213003000","PBB","expense","False","base.main_company"
"account_arka_7213004000","7213004000","RUPS & Meeting Expenses","expense","False","base.main_company"
"account_arka_7214001000","7214001000","Office Rental","expense","False","base.main_company"
"account_arka_7214002000","7214002000","Vehicle Rental","expense","False","base.main_company"
"account_arka_7214003000","7214003000","Service Charge","expense","False","base.main_company"
"account_arka_7214004000","7214004000","Equipment Rental","expense","False","base.main_company"
"account_arka_7214005000","7214005000","Rental application system","expense","False","base.main_company"
"account_arka_7215001000","7215001000","GA Exp-Building Insurance","expense","False","base.main_company"
"account_arka_7215002000","7215002000","Vehicle Insurance","expense","False","base.main_company"
"account_arka_7215003000","7215003000","Inventories Insurance","expense","False","base.main_company"
"account_arka_7215004000","7215004000","Cash Insurance","expense","False","base.main_company"
"account_arka_7215005000","7215005000","Office Equipment Insurance","expense","False","base.main_company"
"account_arka_7215006000","7215006000","Other Insurance","expense","False","base.main_company"
"account_arka_7216000001","7216000001","Provision for impairment of receivables","expense","False","base.main_company"
"account_arka_7217000001","7217000001","Receivable write-off","expense","False","base.main_company"
"account_arka_7218000001","7218000001","Inventory write-off","expense","False","base.main_company"
"account_arka_7219000001","7219000001","Royalty Fee","expense","False","base.main_company"
"account_arka_7219000002","7219000002","Technical Support Fee","expense","False","base.main_company"
"account_arka_7299001000","7299001000","Service Supplies","expense","False","base.main_company"
"account_arka_7299002000","7299002000","Household Expenses","expense","False","base.main_company"
"account_arka_7299003000","7299003000","Newspaper & Magazine","expense","False","base.main_company"
"account_arka_7299004000","7299004000","Membership","expense","False","base.main_company"
"account_arka_7299005000","7299005000","Cleaning Service","expense","False","base.main_company"
"account_arka_7299006000","7299006000","Penalty","expense","False","base.main_company"
"account_arka_7299007000","7299007000","Tuition and Retribution","expense","False","base.main_company"
"account_arka_7299008000","7299008000","Membership Tuition","expense","False","base.main_company"
"account_arka_7299009000","7299009000","Training","expense","False","base.main_company"
"account_arka_7299010000","7299010000","Uniform","expense","False","base.main_company"
"account_arka_7299011000","7299011000","Other Advertising","expense","False","base.main_company"
"account_arka_7299012000","7299012000","Bank Administrative","expense","False","base.main_company"
"account_arka_7299099000","7299099000","Other cost","expense","False","base.main_company"
"account_arka_7501000001","7501000001","Share in net inc (loss) fr assciated companies-net","income_other","False","base.main_company"
"account_arka_7501000002","7501000002","Net income (loss) from subsidiaries - net","income_other","False","base.main_company"
"account_arka_7601000000","7601000000","Gain on sale of Fixed Assets","income_other","False","base.main_company"
"account_arka_7601000099","7601000099","Clearing Account Revenue from Asset sale","income_other","False","base.main_company"
"account_arka_7602000000","7602000000","Gain on sale of Investment","income_other","False","base.main_company"
"account_arka_7603000000","7603000000","Rent Income","income_other","False","base.main_company"
"account_arka_7604000000","7604000000","credit card","income_other","False","base.main_company"
"account_arka_7605000000","7605000000","Promotion fund","income_other","False","base.main_company"
"account_arka_7605000001","7605000001","Marketing Support Fund - Principal","income_other","False","base.main_company"
"account_arka_7606000000","7606000000","Commission","income_other","False","base.main_company"
"account_arka_7607000000","7607000000","Difference of Foreign Exchange income","income_other","False","base.main_company"
"account_arka_7608000000","7608000000","Penalty Income of late payment of receivables","income_other","False","base.main_company"
"account_arka_7609000000","7609000000","Reimbursement Income","income_other","False","base.main_company"
"account_arka_7610000000","7610000000","Insurance replacement income","income_other","False","base.main_company"
"account_arka_7611000000","7611000000","Dividend income","income_other","False","base.main_company"
"account_arka_7699000000","7699000000","other operating income","income_other","False","base.main_company"
"account_arka_7701000000","7701000000","Loss on sale of Fixed Assets","expense","False","base.main_company"
"account_arka_7702000000","7702000000","Loss on sale of Investment","expense","False","base.main_company"
"account_arka_7703000000","7703000000","Loss on impairment of Investment","expense","False","base.main_company"
"account_arka_7704000000","7704000000","Difference of Foreign Exchange expense","expense","False","base.main_company"
"account_arka_7705000000","7705000000","Penalty Expense of late payment of payables","expense","False","base.main_company"
"account_arka_7706000000","7706000000","Loss on impairment of Fixed Assets","expense","False","base.main_company"
"account_arka_7707000000","7707000000","Loss on impair-Inventory dueto extraordinary event","expense","False","base.main_company"
"account_arka_7708000000","7708000000","Loss on impairment of goodwill","expense","False","base.main_company"
"account_arka_7709000000","7709000000","Insurance replacement loss","expense","False","base.main_company"
"account_arka_7799000000","7799000000","Other operating expense","expense","False","base.main_company"
"account_arka_7801000000","7801000000","Interest on Current account","income_other","False","base.main_company"
"account_arka_7802000000","7802000000","Interest on Placement of Deposits","income_other","False","base.main_company"
"account_arka_7803000000","7803000000","Interest on loans","income_other","False","base.main_company"
"account_arka_7804000000","7804000000","Interest of penalty from receivables","income_other","False","base.main_company"
"account_arka_7805000000","7805000000","Interest income - PSAK55","income_other","False","base.main_company"
"account_arka_7901000000","7901000000","Interest Cost","expense","False","base.main_company"
"account_arka_7902000000","7902000000","Provision Cost","expense","False","base.main_company"
"account_arka_7903000000","7903000000","Interest - Lease","expense","False","base.main_company"
"account_arka_7904000000","7904000000","Interest - affiliated","expense","False","base.main_company"
"account_arka_8100000001","8100000001","Current","expense","False","base.main_company"
"account_arka_8200000001","8200000001","Deferred","expense","False","base.main_company"
"account_arka_8300000001","8300000001","OCI - Inventories","income_other","False","base.main_company"
"account_arka_8300000002","8300000002","OCI - Account receivables","income_other","False","base.main_company"
"account_arka_8300000003","8300000003","OCI - Liabilities for employee benefits","income_other","False","base.main_company"
"account_arka_8300000004","8300000004","OCI - Fixed assets","income_other","False","base.main_company"
"account_arka_8300000005","8300000005","OCI-Foreign curr translate of financial statements","income_other","False","base.main_company"
"account_arka_8300000006","8300000006","OCI - Dividend","income_other","False","base.main_company"
"account_arka_8300000091","8300000091","Share in other comprehensive income-subsidiaries","income_other","False","base.main_company"
"account_arka_8300000092","8300000092","Share in other comprehensive income-associate&JV","income_other","False","base.main_company"
"account_arka_8800000001","8800000001","Equity holders of the parent company","equity","False","base.main_company"
"account_arka_8900000001","8900000001","Non-controlling interest","equity","False","base.main_company"
"account_arka_1212300001","1212300001","Investment in Bonds-non current","asset_non_current","False","base.main_company"
"account_arka_1120000001","1120000001","Investment in Bonds-current","asset_non_current","False","base.main_company"
"account_arka_7806000000","7806000000","Interest on bonds","income_other","False","base.main_company"
"account_arka_1212300002","1212300002","Deferred day 1 loss","expense","False","base.main_company"
